Set,Accuracy,Precision,Recall,F1-Score,ROC-AUC
Train,0.86,0.7119205298013245,0.8958333333333334,0.7933579335793359,0.9420610119047619
Test,0.78,0.6142857142857143,0.7166666666666667,0.6615384615384615,0.8089285714285714
